channel,gain_2023_nC_per_PE,gain_2019_2020_nC_per_PE,transparency_c1Mu_mean_nC_per_PE,transparency_c1Mu_std_nC_per_PE,delta_2023_minus_2019_2020_nC_per_PE,ratio_2023_over_2019_2020,frac_change_2023_vs_2019_2020,delta_2023_minus_transparency_nC_per_PE,delta_2019_2020_minus_transparency_nC_per_PE,ratio_2023_over_transparency,ratio_2019_2020_over_transparency
332,0.001345,0.00119,,,0.00015499999999999997,1.1302521008403361,0.13025210084033612,,,,
334,0.001421,0.001543,,,-0.00012200000000000015,0.9209332469215813,-0.07906675307841876,,,,
335,0.001375,0.001306,,,6.899999999999983e-05,1.0528330781010717,0.052833078101071844,,,,
336,0.001222,0.001164,,,5.799999999999989e-05,1.049828178694158,0.049828178694157975,,,,
337,,0.0015,,,,,,,,,
338,0.001387,0.001252,,,0.00013499999999999992,1.1078274760383386,0.10782747603833859,,,,
339,0.001038,0.001116,,,-7.799999999999994e-05,0.9301075268817205,-0.06989247311827952,,,,
340,0.001248,0.001225,,,2.3000000000000017e-05,1.0187755102040816,0.018775510204081646,,,,
341,0.001543,0.001337,,,0.00020600000000000002,1.1540762902019446,0.15407629020194466,,,,
342,,0.001182,,,,,,,,,
343,0.000267,0.00136,,,-0.0010930000000000002,0.19632352941176467,-0.8036764705882354,,,,
344,0.001334,0.001127,,,0.00020699999999999994,1.183673469387755,0.18367346938775506,,,,
345,,0.000973,,,,,,,,,
347,0.00157,0.001362,,,0.00020800000000000007,1.1527165932452277,0.15271659324522766,,,,
348,0.001478,0.001255,,,0.0002229999999999999,1.1776892430278882,0.17768924302788836,,,,
350,0.00129,0.001201,,,8.899999999999989e-05,1.074104912572856,0.07410491257285585,,,,
351,0.001455,0.001336,,,0.00011899999999999997,1.089071856287425,0.08907185628742513,,,,
353,0.00038,0.000326,,,5.400000000000001e-05,1.165644171779141,0.16564417177914115,,,,
354,0.001767,0.001693,,,7.399999999999985e-05,1.043709391612522,0.04370939161252206,,,,
355,0.001198,0.001537,,,-0.0003389999999999999,0.7794404684450228,-0.22055953155497715,,,,
356,0.000478,0.000993,0.0006534413329655933,1.261869367574518e-05,-0.0005149999999999999,0.4813695871097684,-0.5186304128902316,-0.00017544133296559328,0.00033955866703440666,0.731511730105339,1.5196467531267814
357,0.001922,0.001665,0.000541688330258448,3.4372915038878736e-05,0.00025700000000000007,1.1543543543543544,0.15435435435435438,0.001380311669741552,0.001123311669741552,3.5481657858181728,3.073723222365899
358,0.000923,0.000696,,,0.000227,1.3261494252873562,0.3261494252873563,,,,
359,0.000281,0.00021,,,7.099999999999999e-05,1.338095238095238,0.33809523809523806,,,,
360,0.00138,0.001294,0.00024963724339706935,5.148970239955553e-05,8.599999999999992e-05,1.0664605873261206,0.0664605873261205,0.0011303627566029307,0.0010443627566029305,5.528021304918001,5.183521426495575
361,0.000748,0.000933,,,-0.00018500000000000005,0.8017148981779206,-0.19828510182207937,,,,
362,0.001344,0.001142,,,0.00020199999999999992,1.1768826619964974,0.1768826619964973,,,,
363,0.001367,0.001427,,,-6.000000000000016e-05,0.9579537491240363,-0.04204625087596367,,,,
364,0.001223,0.001273,0.0009055954987431823,1.5590874930165913e-05,-5.000000000000013e-05,0.9607227022780832,-0.039277297721916835,0.0003174045012568176,0.00036740450125681773,1.3504925783060129,1.4057048668712628
365,0.001003,0.001293,0.0006000378689259095,4.3116397314442965e-06,-0.0002900000000000001,0.7757153905645784,-0.22428460943542156,0.0004029621310740905,0.0006929621310740906,1.6715611662900676,2.1548639960249827
366,0.000631,0.000854,,,-0.000223,0.7388758782201406,-0.26112412177985944,,,,
367,0.001649,0.001457,0.0006379050900918162,8.773084950959857e-06,0.0001920000000000001,1.1317776252573784,0.13177762525737827,0.0010110949099081839,0.0008190949099081838,2.5850240507763513,2.284038836859396
368,0.001776,0.001547,0.0004940028317399882,6.899130691730326e-06,0.00022900000000000004,1.1480284421460891,0.14802844214608923,0.0012819971682600118,0.0010529971682600118,3.595121092210204,3.131560996424091
369,0.000722,0.000802,,,-7.999999999999999e-05,0.9002493765586035,-0.0997506234413965,,,,
370,0.001148,0.001183,0.0009759372256868447,1.0977050837574844e-05,-3.500000000000009e-05,0.9704142011834319,-0.029585798816568126,0.0001720627743131552,0.0002070627743131553,1.17630516572627,1.2121681280959733
371,0.001657,0.001541,,,0.000116,1.0752757949383518,0.07527579493835172,,,,
372,0.001653,0.001392,,,0.00026099999999999995,1.1875,0.18749999999999997,,,,
373,0.001443,0.001163,,,0.0002800000000000001,1.240756663800516,0.240756663800516,,,,
374,0.001435,0.001162,,,0.000273,1.2349397590361446,0.23493975903614459,,,,
375,0.001382,0.001195,,,0.00018699999999999988,1.1564853556485355,0.15648535564853547,,,,
376,0.001476,0.00116,,,0.0003160000000000001,1.2724137931034483,0.2724137931034484,,,,
377,0.001466,0.001095,,,0.000371,1.3388127853881278,0.33881278538812787,,,,
378,0.001382,0.001168,,,0.000214,1.1832191780821917,0.1832191780821918,,,,
379,0.001521,0.00123,,,0.000291,1.2365853658536585,0.23658536585365855,,,,
380,0.001265,0.001111,,,0.00015400000000000006,1.1386138613861387,0.13861386138613865,,,,
381,0.001465,0.00118,,,0.0002849999999999999,1.2415254237288134,0.24152542372881344,,,,
382,0.001248,0.001473,,,-0.00022499999999999994,0.8472505091649695,-0.1527494908350305,,,,
383,0.001465,0.00123,,,0.00023499999999999997,1.1910569105691056,0.19105691056910568,,,,
384,0.001618,0.001197,,,0.00042100000000000015,1.3517126148705096,0.35171261487050975,,,,
385,0.00154,0.001143,,,0.000397,1.347331583552056,0.347331583552056,,,,
386,0.001438,0.001204,,,0.00023400000000000005,1.1943521594684385,0.1943521594684386,,,,
387,0.001528,0.001301,,,0.000227,1.1744811683320522,0.17448116833205224,,,,
388,0.001353,0.001227,,,0.00012600000000000003,1.1026894865525672,0.10268948655256725,,,,
389,0.001616,0.001201,,,0.000415,1.3455453788509575,0.34554537885095754,,,,
390,0.001268,0.001033,,,0.00023499999999999997,1.2274927395934172,0.22749273959341718,,,,
391,0.001271,0.0012,,,7.10000000000001e-05,1.0591666666666668,0.059166666666666756,,,,
392,0.001406,0.001123,,,0.00028299999999999983,1.2520035618878003,0.2520035618878004,,,,
393,0.001628,0.001505,,,0.00012300000000000006,1.0817275747508306,0.0817275747508306,,,,
394,0.001487,0.000774,,,0.0007130000000000001,1.9211886304909562,0.9211886304909562,,,,
395,0.001701,0.001154,,,0.000547,1.474003466204506,0.474003466204506,,,,
396,0.001678,0.001139,,,0.000539,1.4732221246707637,0.4732221246707638,,,,
397,0.001547,0.001195,,,0.0003519999999999999,1.2945606694560667,0.29456066945606685,,,,
398,0.001368,0.001185,,,0.000183,1.1544303797468354,0.15443037974683543,,,,
399,0.001428,0.001149,,,0.00027899999999999995,1.2428198433420365,0.2428198433420365,,,,
400,0.001328,0.001142,,,0.00018599999999999997,1.1628721541155866,0.16287215411558667,,,,
401,0.00148,0.001116,,,0.00036399999999999996,1.3261648745519712,0.3261648745519713,,,,
402,0.001311,0.000911,,,0.0004000000000000001,1.4390779363336994,0.4390779363336993,,,,
403,0.00113,0.000859,,,0.000271,1.3154831199068684,0.31548311990686845,,,,
404,0.001569,0.001343,,,0.00022600000000000007,1.1682799702159345,0.16827997021593452,,,,
405,0.000906,0.001194,,,-0.00028799999999999995,0.7587939698492463,-0.24120603015075373,,,,
406,0.001542,0.001405,,,0.00013699999999999997,1.097508896797153,0.09750889679715301,,,,
407,0.001491,0.001096,,,0.00039499999999999995,1.3604014598540146,0.36040145985401456,,,,
408,0.001396,0.001039,,,0.0003570000000000001,1.3435996150144371,0.3435996150144371,,,,
409,0.001414,0.001135,,,0.00027899999999999995,1.2458149779735683,0.24581497797356824,,,,
410,0.001386,0.001222,,,0.00016400000000000008,1.1342062193126023,0.13420621931260235,,,,
411,0.001278,0.001043,,,0.00023499999999999997,1.2253116011505272,0.22531160115052729,,,,
412,0.001401,0.001179,,,0.00022199999999999998,1.188295165394402,0.18829516539440203,,,,
413,0.001499,0.001165,,,0.0003339999999999999,1.286695278969957,0.28669527896995695,,,,
414,0.001488,0.001105,,,0.0003829999999999999,1.3466063348416288,0.34660633484162884,,,,
415,0.001217,0.000937,,,0.00028,1.2988260405549625,0.2988260405549626,,,,
416,0.0,0.001215,,,-0.001215,0.0,-1.0,,,,
417,0.001468,0.001142,,,0.0003259999999999999,1.285464098073555,0.2854640980735551,,,,
418,0.001457,0.001201,,,0.00025599999999999993,1.2131557035803497,0.21315570358034966,,,,
419,0.001248,0.001197,,,5.100000000000005e-05,1.0426065162907268,0.042606516290726856,,,,
420,0.001744,0.001074,,,0.00067,1.6238361266294228,0.6238361266294227,,,,
421,0.001398,0.001189,,,0.00020899999999999998,1.1757779646761986,0.17577796467619847,,,,
422,0.001409,0.001297,,,0.00011200000000000012,1.0863531225905938,0.08635312259059377,,,,
423,0.001324,0.001221,,,0.00010300000000000001,1.0843570843570844,0.08435708435708436,,,,
424,0.001548,0.001232,,,0.0003159999999999999,1.2564935064935063,0.2564935064935064,,,,
425,0.001455,0.001282,,,0.00017299999999999998,1.1349453978159125,0.13494539781591264,,,,
426,0.001274,0.001083,,,0.00019099999999999998,1.1763619575253925,0.1763619575253924,,,,
427,0.001316,0.001162,,,0.00015399999999999984,1.1325301204819276,0.13253012048192755,,,,
428,0.00142,0.0012,,,0.00022000000000000014,1.1833333333333336,0.18333333333333346,,,,
429,0.001338,0.001148,,,0.00019000000000000006,1.1655052264808363,0.1655052264808363,,,,
430,0.001515,0.001226,,,0.000289,1.2357259380097878,0.2357259380097879,,,,
432,0.001307,0.001305,,,2.0000000000000486e-06,1.0015325670498085,0.0015325670498084665,,,,
433,0.001279,0.001156,,,0.00012300000000000006,1.1064013840830451,0.10640138408304504,,,,
434,0.001357,0.00113,,,0.000227,1.2008849557522123,0.20088495575221238,,,,
435,0.001416,0.001257,,,0.00015899999999999985,1.1264916467780428,0.12649164677804284,,,,
436,0.001345,0.001175,,,0.00017,1.1446808510638298,0.1446808510638298,,,,
437,0.001448,0.001289,,,0.00015900000000000007,1.1233514352211016,0.12335143522110169,,,,
438,0.00135,0.001247,,,0.00010300000000000001,1.082598235765838,0.08259823576583801,,,,
439,0.001398,0.001216,,,0.00018199999999999987,1.1496710526315788,0.14967105263157884,,,,
440,0.001487,0.001157,,,0.00033,1.285220397579948,0.2852203975799481,,,,
441,0.001459,0.001194,,,0.00026500000000000004,1.2219430485762144,0.22194304857621444,,,,
442,0.001291,0.001319,,,-2.800000000000003e-05,0.9787717968157695,-0.0212282031842305,,,,
443,0.001236,0.001312,,,-7.600000000000011e-05,0.9420731707317073,-0.05792682926829277,,,,
445,,0.00076,,,,,,,,,
446,0.001495,0.001335,,,0.00015999999999999999,1.1198501872659177,0.11985018726591759,,,,
447,0.001373,0.001211,,,0.00016200000000000003,1.133773740710157,0.1337737407101569,,,,
448,0.001353,0.001217,,,0.00013600000000000005,1.1117502054231718,0.11175020542317178,,,,
449,0.001375,0.001239,,,0.00013599999999999984,1.1097659402744147,0.1097659402744147,,,,
450,0.001321,0.001172,,,0.00014899999999999983,1.1271331058020477,0.12713310580204762,,,,
451,0.001302,0.001238,,,6.400000000000004e-05,1.0516962843295639,0.051696284329563844,,,,
452,0.001618,0.00137,,,0.0002480000000000002,1.1810218978102192,0.18102189781021913,,,,
453,0.001466,0.001158,,,0.0003080000000000001,1.2659758203799656,0.2659758203799656,,,,
454,0.001241,0.001156,,,8.5e-05,1.0735294117647058,0.0735294117647059,,,,
455,0.001388,0.001145,,,0.00024299999999999994,1.2122270742358079,0.2122270742358078,,,,
456,0.001535,0.001199,,,0.00033599999999999993,1.28023352793995,0.2802335279399499,,,,
457,0.00165,0.001321,,,0.0003290000000000001,1.2490537471612415,0.24905374716124157,,,,
458,0.001478,0.001244,,,0.00023399999999999983,1.188102893890675,0.18810289389067508,,,,
459,0.00136,0.001263,,,9.700000000000008e-05,1.0768012668250198,0.07680126682501985,,,,
460,0.001463,0.001237,,,0.00022600000000000007,1.1827000808407437,0.1827000808407438,,,,
461,0.001375,0.00123,,,0.00014499999999999995,1.1178861788617886,0.11788617886178858,,,,
462,0.00142,0.001331,,,8.90000000000001e-05,1.0668670172802406,0.0668670172802405,,,,
463,0.001396,0.001152,,,0.00024400000000000008,1.2118055555555556,0.2118055555555556,,,,
